{
  "timestamp": "2025-07-04 22:09:26",
  "domains_analyzed": [
    "natural_language_processing",
    "computer_vision",
    "art",
    "applied_mathematics"
  ],
  "combination_analysis": {
    "recommended_strategy": "cohesion_dominant",
    "recommended_weights": [
      0.8,
      0.2
    ],
    "strategy_rankings": {
      "cohesion_dominant": {
        "mean_expert_score": 0.18228901588463065,
        "expert_count": 8,
        "weights": [
          0.8,
          0.2
        ]
      },
      "cohesion_heavy": {
        "mean_expert_score": 0.16258421115644028,
        "expert_count": 8,
        "weights": [
          0.7,
          0.3
        ]
      },
      "adaptive_balanced": {
        "mean_expert_score": 0.14287940642824995,
        "expert_count": 8,
        "weights": [
          0.6,
          0.4
        ]
      },
      "equal_weight": {
        "mean_expert_score": 0.12317460170005962,
        "expert_count": 8,
        "weights": [
          0.5,
          0.5
        ]
      },
      "separation_heavy": {
        "mean_expert_score": 0.08376499224367896,
        "expert_count": 8,
        "weights": [
          0.3,
          0.7
        ]
      }
    },
    "domain_characteristics": {
      "natural_language_processing": {
        "cohesion_scale": 0.15803780042904347,
        "separation_scale": 0.47863650193374485,
        "expert_cohesion_percentile": 40.78333333333333,
        "expert_separation_percentile": 16.5,
        "correlation": 0.023115955828455298
      },
      "computer_vision": {
        "cohesion_scale": 0.13411487154600565,
        "separation_scale": 0.47474150155389494,
        "expert_cohesion_percentile": 47.88333333333333,
        "expert_separation_percentile": 11.133333333333333,
        "correlation": -0.0049881710369658085
      },
      "art": {
        "cohesion_scale": 0.18952525454169086,
        "separation_scale": 0.4665692218122798,
        "expert_cohesion_percentile": 25.799999999999997,
        "expert_separation_percentile": 15.9,
        "correlation": -0.04283770612657965
      },
      "applied_mathematics": {
        "cohesion_scale": 0.20736416737660196,
        "separation_scale": 0.5026875311169822,
        "expert_cohesion_percentile": 34.4,
        "expert_separation_percentile": 17.166666666666664,
        "correlation": 0.02812494485987712
      }
    },
    "cross_domain_correlation": {
      "mean": 0.0008537558811967392,
      "std": 0.02820636123863169,
      "orthogonal": true
    },
    "expert_performance_summary": {
      "avg_cohesion_percentile": 37.21666666666666,
      "avg_separation_percentile": 15.174999999999999
    }
  },
  "individual_domain_results": {
    "natural_language_processing": {
      "correlation": 0.023115955828455298,
      "cohesion_stats": {
        "mean": 0.26307829003680294,
        "std": 0.041155953137665145,
        "median": 0.24585261346434545,
        "min": 0.21453654988524495,
        "max": 0.3725743503142884,
        "q25": 0.22651589691377694,
        "q75": 0.3073059783353901
      },
      "separation_stats": {
        "mean": 0.1676206329587782,
        "std": 0.11429301707310517,
        "median": 0.18201252366544193,
        "min": 0.0,
        "max": 0.47863650193374485,
        "q25": 0.05848712126310047,
        "q75": 0.25263433900888754
      },
      "reference_timelines": {
        "manual": {
          "cohesion_scores": [
            0.2349897737375269,
            0.2197813931345733,
            0.22257808305473756,
            0.2499896542581492
          ],
          "separation_scores": [
            0.01627220308951215,
            0.05129940799037902,
            0.04620050276265387
          ],
          "num_segments": 4,
          "avg_cohesion": 0.23183472604624675,
          "avg_separation": 0.03792403794751501
        },
        "gemini": {
          "cohesion_scores": [
            0.2268398606672912,
            0.22100026845196583,
            0.2270320414102702,
            0.26522561317784,
            0.26426860869814567,
            0.25336198362805074
          ],
          "separation_scores": [
            0.04323004286624524,
            0.020045372146682183,
            0.03409413334831107,
            0.006914304039391289,
            0.012550222437249122
          ],
          "num_segments": 6,
          "avg_cohesion": 0.24295472933892726,
          "avg_separation": 0.023366814967575783
        }
      }
    },
    "computer_vision": {
      "correlation": -0.0049881710369658085,
      "cohesion_stats": {
        "mean": 0.3301916530202453,
        "std": 0.031918298167140306,
        "median": 0.32509913654456996,
        "min": 0.2730157312587653,
        "max": 0.407130602804771,
        "q25": 0.3020958578835043,
        "q75": 0.3511732619175546
      },
      "separation_stats": {
        "mean": 0.1699220044571915,
        "std": 0.12341136294423508,
        "median": 0.15872569787169577,
        "min": 0.0,
        "max": 0.47474150155389494,
        "q25": 0.061351065875788494,
        "q75": 0.25177117991596953
      },
      "reference_timelines": {
        "manual": {
          "cohesion_scores": [
            0.29417332652365774,
            0.295178683154864,
            0.3131984284383277,
            0.3656310203156591
          ],
          "separation_scores": [
            0.018670573712846587,
            0.013231986594192712,
            0.030695015886776054
          ],
          "num_segments": 4,
          "avg_cohesion": 0.31704536460812716,
          "avg_separation": 0.020865858731271784
        },
        "gemini": {
          "cohesion_scores": [
            0.2975452570551561,
            0.2968458034611278,
            0.31898201280804445,
            0.3355227785965684,
            0.3793190627142367
          ],
          "separation_scores": [
            0.01828516704641978,
            0.012433398986564504,
            0.00639064726876331,
            0.021600204052339728
          ],
          "num_segments": 5,
          "avg_cohesion": 0.3256429829270267,
          "avg_separation": 0.01467735433852183
        }
      }
    },
    "art": {
      "correlation": -0.04283770612657965,
      "cohesion_stats": {
        "mean": 0.19962136948149609,
        "std": 0.03783679868191263,
        "median": 0.19083528947239306,
        "min": 0.13589141212497582,
        "max": 0.3254166666666667,
        "q25": 0.17821453610639948,
        "q75": 0.2085623567291774
      },
      "separation_stats": {
        "mean": 0.1130281728937069,
        "std": 0.09257773714879826,
        "median": 0.09219172139886975,
        "min": 0.0,
        "max": 0.4665692218122798,
        "q25": 0.03705943703960451,
        "q75": 0.1746574102564299
      },
      "reference_timelines": {
        "manual": {
          "cohesion_scores": [
            0.19419692189230514,
            0.17635553855171487,
            0.16840178890067856
          ],
          "separation_scores": [
            0.02664303470139417,
            0.036524687913763565
          ],
          "num_segments": 3,
          "avg_cohesion": 0.17965141644823288,
          "avg_separation": 0.03158386130757887
        },
        "gemini": {
          "cohesion_scores": [
            0.17440803658023044,
            0.1924128766268017,
            0.18397593306327534,
            0.16068626095933997
          ],
          "separation_scores": [
            0.015856191447486234,
            0.0065415828508940755,
            0.010176470831379878
          ],
          "num_segments": 4,
          "avg_cohesion": 0.17787077680741187,
          "avg_separation": 0.010858081709920064
        }
      }
    },
    "applied_mathematics": {
      "correlation": 0.02812494485987712,
      "cohesion_stats": {
        "mean": 0.1794758183582115,
        "std": 0.04178628764892194,
        "median": 0.17009966183231212,
        "min": 0.1362062169174666,
        "max": 0.34357038429406855,