{
  "domain": "natural_language_processing",
  "combination_strategies": {
    "Linear (0.5, 0.5)": 0.2157369338227151,
    "Cohesion-weighted (0.7, 0.3)": 0.23498345416828983,
    "Separation-weighted (0.3, 0.7)": 0.19649041347714036,
    "Geometric mean": 0.19154791537493876,
    "Harmonic mean": 0.1794091823710799
  },
  "reference_timeline_performance": {
    "manual": {
      "Linear (0.5, 0.5)": {
        "scores": [
          0.12563098841351952,
          0.13554040056247615,
          0.13438929290869572
        ],
        "mean": 0.13185356062823048
      },
      "Cohesion-weighted (0.7, 0.3)": {
        "scores": [
          0.16937450254312247,
          0.169236797591315,
          0.16966480896711245
        ],
        "mean": 0.16942536970051666
      },
      "Separation-weighted (0.3, 0.7)": {
        "scores": [
          0.08188747428391657,
          0.10184400353363729,
          0.09911377685027897
        ],
        "mean": 0.09428175155594427
      },
      "Geometric mean": {
        "scores": [
          0.06183689288940338,
          0.10618218002614357,
          0.10140620957848984
        ],
        "mean": 0.08980842749801227
      },
      "Harmonic mean": {
        "scores": [
          0.030436768591116617,
          0.08318298683135003,
          0.07651814455235685
        ],
        "mean": 0.06337929999160784
      }
    },
    "gemini": {
      "Linear (0.5, 0.5)": {
        "scores": [
          0.13503495176676822,
          0.120522820299324,
          0.13056308737929062,
          0.13606995860861565,
          0.1384094155676974
        ],
        "mean": 0.13212004672433916
      },
      "Cohesion-weighted (0.7, 0.3)": {
        "scores": [
          0.1717569153269774,
          0.16071379956038073,
          0.16915066899168246,
          0.18773222043630536,
          0.1887530928198767
        ],
        "mean": 0.17562133942704455
      },
      "Separation-weighted (0.3, 0.7)": {
        "scores": [
          0.09831298820655902,
          0.08033184103826728,
          0.09197550576689881,
          0.0844076967809259,
          0.08806573831551807
        ],
        "mean": 0.08861875402163381
      },
      "Geometric mean": {
        "scores": [
          0.09902674840880163,
          0.06655849025959289,
          0.08797988800959589,
          0.04282348104189535,
          0.057590188594447894
        ],
        "mean": 0.07079575926286674
      },
      "Harmonic mean": {
        "scores": [
          0.07262043472535533,
          0.036756795224623266,
          0.059285214906834326,
          0.013477262338414904,
          0.02396245810836388
        ],
        "mean": 0.04122043306071834
      }
    }
  }
}