{
  "strategies": {
    "equal_weights": {
      "description": "Equal weights for all components",
      "expert_mean": 0.4281463099424595,
      "expert_std": 0.03617825587914089,
      "random_mean": 0.3439640871624618,
      "random_std": 0.16892512804984094,
      "expert_percentiles": [
        0.43732472884892526,
        0.44735359283595333,
        0.4710743043384971,
        0.47536471783597656,
        0.3882393440992687,
        0.3765995799733799,
        0.4151400988125353,
        0.4104049126197606
      ],
      "mean_expert_percentile": 0.42768765992053703,
      "expert_above_median": false,
      "separation_ratio": 1.2447413143461008,
      "effect_size": 0.6891325434854481
    },
    "jaccard_focused": {
      "description": "Focus on Jaccard cohesion and JS separation",
      "expert_mean": 0.294995026110313,
      "expert_std": 0.041952060532279,
      "random_mean": 0.25542026266643003,
      "random_std": 0.1287900950829704,
      "expert_percentiles": [
        0.31590031870088126,
        0.30928502368911326,
        0.35118935306026744,
        0.3448248600737272,
        0.24865750890997612,
        0.25223098693007745,
        0.2759811586470291,
        0.2555949842211803
      ],
      "mean_expert_percentile": 0.2942080242790315,
      "expert_above_median": false,
      "separation_ratio": 1.1549397962038987,
      "effect_size": 0.4131924761937338
    },
    "entropy_focused": {
      "description": "Focus on entropy cohesion and balanced separation",
      "expert_mean": 0.515277574508266,
      "expert_std": 0.032569962026813115,
      "random_mean": 0.41521959555143556,
      "random_std": 0.20254555415676576,
      "expert_percentiles": [
        0.5274345838345691,
        0.5385694900656466,
        0.550130901541778,
        0.5537251270477729,
        0.47959367814346565,
        0.46748875919470795,
        0.5032300953658396,
        0.4983925105383295
      ],
      "mean_expert_percentile": 0.5148206432165137,
      "expert_above_median": false,
      "separation_ratio": 1.2409760522596425,
      "effect_size": 0.6897638957127489
    },
    "separation_focused": {
      "description": "Emphasize separation over cohesion",
      "expert_mean": 0.3809553349984208,
      "expert_std": 0.02340852690615942,
      "random_mean": 0.31662583504292935,
      "random_std": 0.15456189707146417,
      "expert_percentiles": [
        0.3897903404982919,
        0.3955317594058777,
        0.40560560268283835,
        0.40573887923925966,
        0.3527276940606132,
        0.34565352449887227,
        0.38287150673939224,
        0.36481139609115815
      ],
      "mean_expert_percentile": 0.38034133790203795,
      "expert_above_median": false,
      "separation_ratio": 1.2031719867292872,
      "effect_size": 0.5819668073534647
    },
    "cohesion_focused": {
      "description": "Emphasize cohesion over separation",
      "expert_mean": 0.4167046371764591,
      "expert_std": 0.048350521342622695,
      "random_mean": 0.3350829446368698,
      "random_std": 0.16690677953716415,
      "expert_percentiles": [
        0.43035929014508645,
        0.4373446480815753,
        0.47640226833098615,
        0.48221544540072936,
        0.3656173914090188,
        0.3575109587211055,
        0.3905196815508982,
        0.3883205776424744
      ],
      "mean_expert_percentile": 0.4160362826602343,
      "expert_above_median": false,
      "separation_ratio": 1.2435865323675097,
      "effect_size": 0.6642758008485558
    }
  },
  "analysis_summary": {
    "best_strategy": "entropy_focused",
    "strategies_above_median": [],
    "total_timelines_analyzed": 88,
    "domains_analyzed": 4
  }
}