{
  "domain_name": "applied_mathematics",
  "algorithm_result": {
    "objective_score": -8.039280607477604,
    "raw_objective_score": 0.1607193925223956,
    "penalty": 8.2,
    "cohesion_score": 0.10512026660716466,
    "separation_score": 0.3831158961833192,
    "num_segments": 7,
    "num_transitions": 6,
    "boundary_years": [
      1494,
      1924,
      1931,
      1937,
      1945,
      1957,
      1996,
      2025
    ],
    "methodology": "Multi-period objective: 0.8 \u00d7 0.105 + 0.2 \u00d7 0.383 = 0.161 (7 periods, 6 transitions)",
    "details": {
      "cohesion_details": "P1: 0.115 (2780p, top: mathematics, numerical analysis, spectral theory) | P2: 0.104 (1336p, top: mathematics, numerical analysis, spectral theory) | P3: 0.109 (1649p, top: mathematics, numerical analysis, spectral theory) | P4: 0.096 (2055p, top: mathematics, numerical analysis, spectral theory) | P5: 0.102 (8173p, top: mathematics, numerical analysis, spectral theory) | P6: 0.105 (37228p, top: mathematics, numerical analysis, numerical simulation) | P7: 0.105 (26376p, top: computer science, numerical analysis, numerical simulation)",
      "separation_details": "T1\u21922: 0.374 (vocab=4907) | T2\u21923: 0.387 (vocab=4199) | T3\u21924: 0.389 (vocab=5139) | T4\u21925: 0.375 (vocab=10736) | T5\u21926: 0.372 (vocab=37882) | T6\u21927: 0.401 (vocab=53899)",
      "periods": [
        "1494-1924",
        "1925-1931",
        "1932-1937",
        "1938-1945",
        "1946-1957",
        "1958-1996",
        "1997-2025"
      ],
      "penalty_details": "Penalty: 8.200 (Raw: 0.161 \u2192 Final: -8.039)"
    }
  },
  "baseline_results": [
    {
      "baseline_name": "Gemini",
      "objective_score": -1.2828818997771163,
      "raw_objective_score": 0.1571181002228837,
      "penalty": 1.44,
      "cohesion_score": 0.09443182787331611,
      "separation_score": 0.40786318962115403,
      "num_segments": 4,
      "boundary_years": [
        1800,
        1900,
        1970,
        2000,
        2025
      ]
    },
    {
      "baseline_name": "Manual",
      "objective_score": -0.02803835523363532,
      "raw_objective_score": 0.15196164476636467,
      "penalty": 0.18,
      "cohesion_score": 0.09352748594958767,
      "separation_score": 0.3856982800334726,
      "num_segments": 5,
      "boundary_years": [
        1901,
        1939,
        1945,
        1970,
        2000,
        2025
      ]
    },
    {
      "baseline_name": "5-year",
      "objective_score": -2.148228105207398,
      "raw_objective_score": 0.3117718947926026,
      "penalty": 2.4600000000000004,
      "cohesion_score": 0.24100035059843142,
      "separation_score": 0.5948580715692873,
      "num_segments": 56,
      "boundary_years": [
        1494,
        1498,
        1658,
        1668,
        1673,
        1688,
        1733,
        1748,
        1778,
        1783,
        1788,
        1803,
        1808,
        1813,
        1818,
        1823,
        1828,
        1833,
        1838,
        1843,
        1848,
        1853,
        1858,
        1863,
        1868,
        1873,
        1878,
        1883,
        1888,
        1893,
        1898,
        1903,
        1908,
        1913,
        1918,
        1923,
        1928,
        1933,
        1938,
        1943,
        1948,
        1953,
        1958,
        1963,
        1968,
        1973,
        1978,
        1983,
        1988,
        1993,
        1998,
        2003,
        2008,
        2013,
        2018,
        2023,
        2025
      ]
    },
    {
      "baseline_name": "10-year",
      "objective_score": -0.9271736262853524,
      "raw_objective_score": 0.33282637371464785,
      "penalty": 1.2600000000000002,
      "cohesion_score": 0.267566633466517,
      "separation_score": 0.5938653347071713,
      "num_segments": 32,
      "boundary_years": [
        1494,
        1503,
        1663,
        1673,
        1693,
        1733,
        1753,
        1783,
        1793,
        1803,
        1813,
        1823,
        1833,
        1843,
        1853,
        1863,
        1873,
        1883,
        1893,
        1903,
        1913,
        1923,
        1933,
        1943,
        1953,
        1963,
        1973,
        1983,
        1993,
        2003,
        2013,
        2023,
        2025
      ]
    }
  ],
  "auto_metrics": {
    "boundary_f1": 0.42857142857142855,
    "boundary_precision": 0.375,
    "boundary_recall": 0.5,
    "segment_f1": 0.888888888888889,
    "segment_precision": 1.0,
    "segment_recall": 0.8,
    "tolerance": 2,
    "details": {
      "algorithm_boundaries": "[1494, 1924, 1931, 1937, 1945, 1957, 1996, 2025]",
      "manual_boundaries": "[1901, 1939, 1945, 1970, 2000, 2025]",
      "algorithm_segments": "[(1494, 1924), (1925, 1931), (1932, 1937), (1938, 1945), (1946, 1957), (1958, 1996), (1997, 2025)]",
      "manual_segments": "[(1901, 1939), (1940, 1945), (1946, 1970), (1971, 2000), (2001, 2025)]"
    }
  },
  "ranking": {
    "Algorithm": -8.039280607477604,
    "Gemini": -1.2828818997771163,
    "Manual": -0.02803835523363532,
    "5-year": -2.148228105207398,
    "10-year": -0.9271736262853524
  },
  "summary": "Evaluation Results for applied_mathematics:\nAlgorithm Score: -8.039\nBaseline Scores:\n  Gemini: -1.283\n  Manual: -0.028\n  5-year: -2.148\n  10-year: -0.927\nAuto-Metrics vs Manual:\n  Boundary F1: 0.429\n  Segment F1: 0.889"
}