{
  "domain_name": "deep_learning",
  "algorithm_result": {
    "objective_score": -2.036847865907406,
    "raw_objective_score": 0.22315213409259407,
    "penalty": 2.2600000000000002,
    "cohesion_score": 0.16835876226056667,
    "separation_score": 0.44232562142070353,
    "num_segments": 6,
    "num_transitions": 5,
    "boundary_years": [
      1819,
      1935,
      1987,
      2009,
      2012,
      2015,
      2024
    ],
    "methodology": "Multi-period objective: 0.8 \u00d7 0.168 + 0.2 \u00d7 0.442 = 0.223 (6 periods, 5 transitions)",
    "details": {
      "cohesion_details": "P1: 0.128 (58p, top: machine learning, pattern recognition, image analysis) | P2: 0.163 (2192p, top: machine learning, image analysis, pattern recognition) | P3: 0.171 (15727p, top: machine learning, image analysis, pattern recognition) | P4: 0.189 (2951p, top: machine learning, image analysis, machine vision) | P5: 0.187 (2794p, top: machine learning, image analysis, machine vision) | P6: 0.171 (7993p, top: machine learning, image analysis, computer vision)",
      "separation_details": "T1\u21922: 0.694 (vocab=4903) | T2\u21923: 0.419 (vocab=22086) | T3\u21924: 0.344 (vocab=23057) | T4\u21925: 0.359 (vocab=9456) | T5\u21926: 0.396 (vocab=13843)",
      "periods": [
        "1819-1935",
        "1936-1987",
        "1988-2009",
        "2010-2012",
        "2013-2015",
        "2016-2024"
      ],
      "penalty_details": "Penalty: 2.260 (Raw: 0.223 \u2192 Final: -2.037)"
    }
  },
  "baseline_results": [
    {
      "baseline_name": "Gemini",
      "objective_score": 0.15975458790453187,
      "raw_objective_score": 0.19975458790453188,
      "penalty": 0.04,
      "cohesion_score": 0.14920360475873048,
      "separation_score": 0.4019585204877374,
      "num_segments": 6,
      "boundary_years": [
        1943,
        1969,
        1985,
        2005,
        2013,
        2016,
        2024
      ]
    },
    {
      "baseline_name": "Manual",
      "objective_score": 0.20066526036153387,
      "raw_objective_score": 0.20066526036153387,
      "penalty": 0.0,
      "cohesion_score": 0.14684418393244744,
      "separation_score": 0.4159495660778795,
      "num_segments": 5,
      "boundary_years": [
        1943,
        1969,
        1995,
        2012,
        2017,
        2024
      ]
    },
    {
      "baseline_name": "5-year",
      "objective_score": -0.8983981764091509,
      "raw_objective_score": 0.2816018235908493,
      "penalty": 1.1800000000000002,
      "cohesion_score": 0.19263347688183882,
      "separation_score": 0.637475210426891,
      "num_segments": 30,
      "boundary_years": [
        1819,
        1823,
        1888,
        1893,
        1898,
        1903,
        1908,
        1913,
        1918,
        1923,
        1928,
        1933,
        1938,
        1943,
        1948,
        1953,
        1958,
        1963,
        1968,
        1973,
        1978,
        1983,
        1988,
        1993,
        1998,
        2003,
        2008,
        2013,
        2018,
        2023,
        2024
      ]
    },
    {
      "baseline_name": "10-year",
      "objective_score": -0.12239088511117946,
      "raw_objective_score": 0.27760911488882056,
      "penalty": 0.4,
      "cohesion_score": 0.1872361735780292,
      "separation_score": 0.6391008801319861,
      "num_segments": 16,
      "boundary_years": [
        1819,
        1828,
        1888,
        1898,
        1908,
        1918,
        1928,
        1938,
        1948,
        1958,
        1968,
        1978,
        1988,
        1998,
        2008,
        2018,
        2024
      ]
    }
  ],
  "auto_metrics": {
    "boundary_f1": 0.4615384615384615,
    "boundary_precision": 0.42857142857142855,
    "boundary_recall": 0.5,
    "segment_f1": 0.9090909090909091,
    "segment_precision": 0.8333333333333334,
    "segment_recall": 1.0,
    "tolerance": 2,
    "details": {
      "algorithm_boundaries": "[1819, 1935, 1987, 2009, 2012, 2015, 2024]",
      "manual_boundaries": "[1943, 1969, 1995, 2012, 2017, 2024]",
      "algorithm_segments": "[(1819, 1935), (1936, 1987), (1988, 2009), (2010, 2012), (2013, 2015), (2016, 2024)]",
      "manual_segments": "[(1943, 1969), (1980, 1995), (2006, 2012), (2013, 2017), (2018, 2024)]"
    }
  },
  "ranking": {
    "Algorithm": -2.036847865907406,
    "Gemini": 0.15975458790453187,
    "Manual": 0.20066526036153387,
    "5-year": -0.8983981764091509,
    "10-year": -0.12239088511117946
  },
  "summary": "Evaluation Results for deep_learning:\nAlgorithm Score: -2.037\nBaseline Scores:\n  Gemini: 0.160\n  Manual: 0.201\n  5-year: -0.898\n  10-year: -0.122\nAuto-Metrics vs Manual:\n  Boundary F1: 0.462\n  Segment F1: 0.909"
}