{
  "domain_name": "machine_learning",
  "algorithm_result": {
    "objective_score": -3.0556519633586943,
    "raw_objective_score": 0.2043480366413059,
    "penalty": 3.2600000000000002,
    "cohesion_score": 0.14065301439510286,
    "separation_score": 0.45912812562611816,
    "num_segments": 7,
    "num_transitions": 6,
    "boundary_years": [
      1744,
      1913,
      1964,
      1987,
      1997,
      2013,
      2016,
      2024
    ],
    "methodology": "Multi-period objective: 0.8 \u00d7 0.141 + 0.2 \u00d7 0.459 = 0.204 (7 periods, 6 transitions)",
    "details": {
      "cohesion_details": "P1: 0.148 (45p, top: machine learning research, deep learning, pattern recognition) | P2: 0.104 (1131p, top: machine learning research, pattern recognition, deep learning) | P3: 0.132 (6521p, top: machine learning research, pattern recognition, image analysis) | P4: 0.133 (9348p, top: machine learning research, neural network (machine learning), deep learning) | P5: 0.144 (15469p, top: machine learning research, deep learning, pattern recognition) | P6: 0.166 (2714p, top: deep learning, machine learning research, image analysis) | P7: 0.156 (7568p, top: deep learning, image analysis, machine learning research)",
      "separation_details": "T1\u21922: 0.698 (vocab=2816) | T2\u21923: 0.461 (vocab=11001) | T3\u21924: 0.403 (vocab=18810) | T4\u21925: 0.382 (vocab=27736) | T5\u21926: 0.416 (vocab=22257) | T6\u21927: 0.396 (vocab=13478)",
      "periods": [
        "1744-1913",
        "1914-1964",
        "1965-1987",
        "1988-1997",
        "1998-2013",
        "2014-2016",
        "2017-2024"
      ],
      "penalty_details": "Penalty: 3.260 (Raw: 0.204 \u2192 Final: -3.056)"
    }
  },
  "baseline_results": [
    {
      "baseline_name": "Gemini",
      "objective_score": 0.18679620950216547,
      "raw_objective_score": 0.18679620950216547,
      "penalty": 0.0,
      "cohesion_score": 0.12946263623492632,
      "separation_score": 0.41613050257112205,
      "num_segments": 5,
      "boundary_years": [
        1950,
        1969,
        1985,
        1999,
        2016,
        2024
      ]
    },
    {
      "baseline_name": "Manual",
      "objective_score": 0.18250013620320094,
      "raw_objective_score": 0.18250013620320094,
      "penalty": 0.0,
      "cohesion_score": 0.12303386463830582,
      "separation_score": 0.4203652224627813,
      "num_segments": 5,
      "boundary_years": [
        1943,
        1960,
        1980,
        1995,
        2010,
        2024
      ]
    },
    {
      "baseline_name": "5-year",
      "objective_score": -1.1970724452687058,
      "raw_objective_score": 0.3329275547312943,
      "penalty": 1.5300000000000002,
      "cohesion_score": 0.24841578678988802,
      "separation_score": 0.6709746264969194,
      "num_segments": 37,
      "boundary_years": [
        1744,
        1748,
        1803,
        1823,
        1843,
        1853,
        1858,
        1863,
        1868,
        1888,
        1893,
        1898,
        1903,
        1908,
        1913,
        1918,
        1923,
        1928,
        1933,
        1938,
        1943,
        1948,
        1953,
        1958,
        1963,
        1968,
        1973,
        1978,
        1983,
        1988,
        1993,
        1998,
        2003,
        2008,
        2013,
        2018,
        2023,
        2024
      ]
    },
    {
      "baseline_name": "10-year",
      "objective_score": -0.4179759670347203,
      "raw_objective_score": 0.36202403296527974,
      "penalty": 0.78,
      "cohesion_score": 0.2795777027375039,
      "separation_score": 0.6918093538763832,
      "num_segments": 22,
      "boundary_years": [
        1744,
        1753,
        1803,
        1823,
        1843,
        1853,
        1863,
        1873,
        1893,
        1903,
        1913,
        1923,
        1933,
        1943,
        1953,
        1963,
        1973,
        1983,
        1993,
        2003,
        2013,
        2023,
        2024
      ]
    }
  ],
  "auto_metrics": {
    "boundary_f1": 0.28571428571428575,
    "boundary_precision": 0.25,
    "boundary_recall": 0.3333333333333333,
    "segment_f1": 0.923076923076923,
    "segment_precision": 0.8571428571428571,
    "segment_recall": 1.0,
    "tolerance": 2,
    "details": {
      "algorithm_boundaries": "[1744, 1913, 1964, 1987, 1997, 2013, 2016, 2024]",
      "manual_boundaries": "[1943, 1960, 1980, 1995, 2010, 2024]",
      "algorithm_segments": "[(1744, 1913), (1914, 1964), (1965, 1987), (1988, 1997), (1998, 2013), (2014, 2016), (2017, 2024)]",
      "manual_segments": "[(1943, 1960), (1961, 1980), (1981, 1995), (1996, 2010), (2011, 2024)]"
    }
  },
  "ranking": {
    "Algorithm": -3.0556519633586943,
    "Gemini": 0.18679620950216547,
    "Manual": 0.18250013620320094,
    "5-year": -1.1970724452687058,
    "10-year": -0.4179759670347203
  },
  "summary": "Evaluation Results for machine_learning:\nAlgorithm Score: -3.056\nBaseline Scores:\n  Gemini: 0.187\n  Manual: 0.183\n  5-year: -1.197\n  10-year: -0.418\nAuto-Metrics vs Manual:\n  Boundary F1: 0.286\n  Segment F1: 0.923"
}