{
  "cpsd_results": {
    "applied_mathematics": {
      "ensemble_shifts": [
        1901,
        1916,
        1919,
        1922,
        1925,
        1934,
        1939,
        1942,
        1946,
        1949,
        1954,
        1959,
        1963,
        1968,
        1971,
        1974,
        1978,
        1983,
        1986,
        1989,
        1992,
        1995,
        1999,
        2002,
        2006,
        2009,
        2012,
        2015,
        2018,
        2021
      ],
      "gradient_shifts": [
        1946,
        1949,
        1953,
        1956,
        1959,
        1962,
        1965,
        1968,
        1971,
        1974,
        1977,
        1980,
        1983,
        1986,
        1989,
        1992,
        1995,
        2000,
        2003,
        2006,
        2009,
        2012,
        2015,
        2018,
        2021
      ],
      "regime_shifts": [
        1916,
        1919,
        1922,
        1939,
        1942,
        1945,
        1948,
        1954,
        1963,
        1978,
        1981,
        1984,
        1987,
        1990,
        1999,
        2002,
        2005
      ],
      "burst_shifts": [
        1901,
        1922,
        1925,
        1934,
        1938,
        1944,
        1947,
        1954,
        1959,
        1963,
        1970,
        1978,
        1986,
        2002,
        2008,
        2017,
        2021
      ],
      "binary_seg_shifts": [
        1963
      ],
      "confidence_scores": [
        0.9,
        0.8,
        0.8,
        0.8,
        0.7,
        0.7,
        0.7,
        0.7,
        0.5,
        0.5,
        0.5,
        0.5,
        0.5,
        0.5,
        0.5,
        0.5,
        0.5,
        0.5,
        0.5,
        0.5,
        0.5,
        0.5,
        0.4,
        0.4,
        0.4,
        0.4,
        0.4,
        0.30000000000000004,
        0.30000000000000004,
        0.30000000000000004
      ],
      "method_details": {
        "gradient_score": 25,
        "regime_score": 17,
        "burst_score": 17,
        "binary_seg_score": 1,
        "ensemble_score": 30
      }
    },
    "computer_science": {
      "ensemble_shifts": [
        1956,
        1959,
        1962,
        1965,
        1970,
        1973,
        1978,
        1983,
        1986,
        1989,
        1994,
        1998,
        2001,
        2004,
        2007,
        2010,
        2013,
        2016,
        2019
      ],
      "gradient_shifts": [
        1983,
        1986,
        1989,
        1992,
        1995,
        1998,
        2001,
        2004,
        2007,
        2010,
        2013,
        2016,
        2019
      ],
      "regime_shifts": [
        1986,
        1991,
        1994,
        1998
      ],
      "burst_shifts": [
        1956,
        1959,
        1962,
        1965,
        1970,
        1973,
        1978,
        1982,
        1986,
        1989,
        2014
      ],
      "binary_seg_shifts": [
        1986,
        1994
      ],
      "confidence_scores": [
        1.4,
        0.8999999999999999,
        0.8,
        0.6000000000000001,
        0.5,
        0.5,
        0.5,
        0.5,
        0.5,
        0.5,
        0.5,
        0.5,
        0.30000000000000004,
        0.30000000000000004,
        0.30000000000000004,
        0.30000000000000004,
        0.30000000000000004,
        0.30000000000000004,
        0.30000000000000004
      ],
      "method_details": {
        "gradient_score": 13,
        "regime_score": 4,
        "burst_score": 11,
        "binary_seg_score": 2,
        "ensemble_score": 19
      }
    },
    "computer_vision": {
      "ensemble_shifts": [
        1998,
        2003,
        2006,
        2009,
        2012,
        2015,
        2018
      ],
      "gradient_shifts": [
        1998,
        2003,
        2006,
        2009,
        2012,
        2015,
        2018
      ],
      "regime_shifts": [
        1997,
        2003,
        2007,
        2013
      ],
      "burst_shifts": [
        1998,
        2009,
        2014,
        2020
      ],
      "binary_seg_shifts": [],
      "confidence_scores": [
        0.8999999999999999,
        0.8,
        0.8,
        0.5,
        0.5,
        0.5,
        0.5
      ],
      "method_details": {
        "gradient_score": 7,
        "regime_score": 4,
        "burst_score": 4,
        "binary_seg_score": 0,
        "ensemble_score": 7
      }
    },
    "deep_learning": {
      "ensemble_shifts": [
        1977,
        1982,
        1985,
        1989,
        1992,
        1995,
        1998,
        2001,
        2004,
        2008,
        2011,
        2014,
        2017,
        2020
      ],
      "gradient_shifts": [
        1998,
        2001,
        2004,
        2008,
        2011,
        2014,
        2017,
        2020
      ],
      "regime_shifts": [
        1982,
        1985,
        2014
      ],
      "burst_shifts": [
        1977,
        1985,
        1989,
        1992,
        1995,
        1998,
        2010,
        2014
      ],
      "binary_seg_shifts": [
        1995,
        2000,
        2014,
        2018
      ],
      "confidence_scores": [
        1.4,
        0.8,
        0.7,
        0.5,
        0.5,
        0.5,
        0.5,
        0.5,
        0.5,
        0.5,
        0.4,
        0.30000000000000004,
        0.30000000000000004,
        0.30000000000000004
      ],
      "method_details": {
        "gradient_score": 8,
        "regime_score": 3,
        "burst_score": 8,
        "binary_seg_score": 4,
        "ensemble_score": 14
      }
    },
    "machine_learning": {
      "ensemble_shifts": [
        1997,
        2000,
        2003,
        2006,
        2009,
        2012,
        2015,
        2018,
        2021
      ],
      "gradient_shifts": [
        2000,
        2003,
        2006,
        2012,
        2015,
        2018,
        2021
      ],
      "regime_shifts": [
        2007,
        2013,
        2018
      ],
      "burst_shifts": [
        1997,
        2001,
        2009,
        2014,
        2021
      ],
      "binary_seg_shifts": [],
      "confidence_scores": [
        0.8999999999999999,
        0.8,
        0.5,
        0.5,
        0.5,
        0.5,
        0.5,
        0.30000000000000004,
        0.30000000000000004
      ],
      "method_details": {
        "gradient_score": 7,
        "regime_score": 3,
        "burst_score": 5,
        "binary_seg_score": 0,
        "ensemble_score": 9
      }
    },
    "machine_translation": {
      "ensemble_shifts": [
        1993,
        1996,
        1999,
        2002,
        2005,
        2008,
        2012,
        2016,
        2020
      ],
      "gradient_shifts": [
        1993,
        1996,
        1999,
        2002,
        2005,
        2012,
        2016,
        2020
      ],
      "regime_shifts": [
        1999,
        2006,
        2015
      ],
      "burst_shifts": [
        2001,
        2008,
        2012,
        2018
      ],
      "binary_seg_shifts": [],
      "confidence_scores": [
        0.8999999999999999,
        0.8,
        0.5,
        0.5,
        0.5,
        0.5,
        0.5,
        0.5,
        0.30000000000000004
      ],
      "method_details": {
        "gradient_score": 8,
        "regime_score": 3,
        "burst_score": 4,
        "binary_seg_score": 0,
        "ensemble_score": 9
      }
    },
    "natural_language_processing": {
      "ensemble_shifts": [
        1956,
        1962,
        1966,
        1970,
        1974,
        1978,
        1983,
        1987,
        1992,
        1995,
        1999,
        2002,
        2005,
        2008,
        2011,
        2014,
        2017,
        2020,
        2023
      ],
      "gradient_shifts": [
        1987,
        1991,
        1995,
        1999,
        2002,
        2005,
        2008,
        2011,
        2014,
        2017,
        2020,
        2023
      ],