{
  "experiment": "contextual_embeddings_pilot",
  "timestamp": "20250624_130926",
  "domains": [
    "computer_vision",
    "applied_mathematics"
  ],
  "results": {
    "computer_vision": {
      "domain": "computer_vision",
      "comparisons": {
        "tfidf": {
          "final_score": 0.5418226145673902,
          "consensus_score": 0.06303076296319989,
          "difference_score": 0.595021709190078,
          "num_segments": 3,
          "runtime_seconds": 0.05120515823364258,
          "model_type": "tfidf"
        },
        "all-mpnet-base-v2": {
          "final_score": 0.4793823860377541,
          "consensus_score": 0.17695082022452166,
          "difference_score": 0.5129858933503355,
          "num_segments": 3,
          "runtime_seconds": 45.64126920700073,
          "model_type": "contextual",
          "model_name": "all-mpnet-base-v2"
        },
        "all-MiniLM-L6-v2": {
          "final_score": 0.4735811748395832,
          "consensus_score": 0.17842559808198422,
          "difference_score": 0.5063762389237608,
          "num_segments": 3,
          "runtime_seconds": 6.28833270072937,
          "model_type": "contextual",
          "model_name": "all-MiniLM-L6-v2"
        }
      }
    },
    "applied_mathematics": {
      "domain": "applied_mathematics",
      "comparisons": {
        "tfidf": {
          "final_score": 0.5073550628670254,
          "consensus_score": 0.028395115340063715,
          "difference_score": 0.5605728348144655,
          "num_segments": 4,
          "runtime_seconds": 0.08837604522705078,
          "model_type": "tfidf"
        },
        "all-mpnet-base-v2": {
          "final_score": 0.448214446752371,
          "consensus_score": 0.07962079657105409,
          "difference_score": 0.48916929677251736,
          "num_segments": 4,
          "runtime_seconds": 65.11313104629517,
          "model_type": "contextual",
          "model_name": "all-mpnet-base-v2"
        },
        "all-MiniLM-L6-v2": {
          "final_score": 0.449956913887562,
          "consensus_score": 0.07247586114195786,
          "difference_score": 0.491899253081518,
          "num_segments": 4,
          "runtime_seconds": 8.731604099273682,
          "model_type": "contextual",
          "model_name": "all-MiniLM-L6-v2"
        }
      }
    }
  }
}