{
  "applied_mathematics": {
    "phrase_enrichment_off": {
      "final_score": 0.6779243252205603,
      "consensus_score": 0.13717917887914963,
      "difference_score": 0.7380071192584948,
      "num_segments": 16,
      "best_parameters": {
        "direction_threshold": 0.1886973765812813,
        "validation_threshold": 0.39775073800897676,
        "similarity_min_segment_length": 3,
        "similarity_max_segment_length": 21
      },
      "total_evaluations": 30,
      "data_conversion_time": 0.010740995407104492,
      "optimization_time": 12.246497869491577,
      "total_runtime": 12.257238864898682,
      "avg_keywords_per_paper": 11.941935483870967,
      "total_keywords": 5553,
      "optimization_successful": true
    },
    "phrase_enrichment_on": {
      "final_score": 0.7147165104131686,
      "consensus_score": 0.13345699947227146,
      "difference_score": 0.7793009005177128,
      "num_segments": 16,
      "best_parameters": {
        "direction_threshold": 0.1886973765812813,
        "validation_threshold": 0.39775073800897676,
        "similarity_min_segment_length": 3,
        "similarity_max_segment_length": 21
      },
      "total_evaluations": 30,
      "data_conversion_time": 5.133287191390991,
      "optimization_time": 7.052837133407593,
      "total_runtime": 12.186124324798584,
      "avg_keywords_per_paper": 21.941935483870967,
      "total_keywords": 10203,
      "optimization_successful": true
    },
    "comparison_summary": {
      "delta_final_score": 0.036792185192608295,
      "delta_consensus": -0.003722179406878162,
      "delta_difference": 0.04129378125921801,
      "delta_avg_keywords_per_paper": 10.0,
      "delta_runtime_seconds": -0.07111454010009766,
      "success_criteria_met": true,
      "evaluation_timestamp": "2025-06-24T19:08:47.229194"
    }
  },
  "art": {
    "phrase_enrichment_off": {
      "final_score": 0.4924050246414413,
      "consensus_score": 0.020419616812932532,
      "difference_score": 0.5448478477334978,
      "num_segments": 3,
      "best_parameters": {
        "direction_threshold": 0.1380098864507411,
        "validation_threshold": 0.3974160053491498,
        "similarity_min_segment_length": 3,
        "similarity_max_segment_length": 18
      },
      "total_evaluations": 30,
      "data_conversion_time": 0.011698722839355469,
      "optimization_time": 4.157138109207153,
      "total_runtime": 4.168836832046509,
      "avg_keywords_per_paper": 11.44186046511628,
      "total_keywords": 5412,
      "optimization_successful": true
    },
    "phrase_enrichment_on": {
      "final_score": 0.5627650492153746,
      "consensus_score": 0.01749041694403483,
      "difference_score": 0.6233511194677457,
      "num_segments": 3,
      "best_parameters": {
        "direction_threshold": 0.1380098864507411,
        "validation_threshold": 0.3974160053491498,
        "similarity_min_segment_length": 3,
        "similarity_max_segment_length": 18
      },
      "total_evaluations": 30,
      "data_conversion_time": 4.692823171615601,
      "optimization_time": 4.849765777587891,
      "total_runtime": 9.542588949203491,
      "avg_keywords_per_paper": 21.441860465116278,
      "total_keywords": 10142,
      "optimization_successful": true
    },
    "comparison_summary": {
      "delta_final_score": 0.07036002457393331,
      "delta_consensus": -0.0029291998688977007,
      "delta_difference": 0.07850327173424787,
      "delta_avg_keywords_per_paper": 9.999999999999998,
      "delta_runtime_seconds": 5.373752117156982,
      "success_criteria_met": true,
      "evaluation_timestamp": "2025-06-24T19:09:00.949891"
    }
  },
  "computer_science": {
    "phrase_enrichment_off": {
      "final_score": 0.5427996834583144,
      "consensus_score": 0.03518501216311062,
      "difference_score": 0.599201313602226,
      "num_segments": 7,
      "best_parameters": {
        "direction_threshold": 0.16548740419363717,
        "validation_threshold": 0.3301985159480401,
        "similarity_min_segment_length": 5,
        "similarity_max_segment_length": 12
      },
      "total_evaluations": 30,
      "data_conversion_time": 0.010762929916381836,
      "optimization_time": 5.168809175491333,
      "total_runtime": 5.179572105407715,
      "avg_keywords_per_paper": 11.384615384615385,
      "total_keywords": 5328,
      "optimization_successful": true
    },
    "phrase_enrichment_on": {
      "final_score": 0.5963488910673936,
      "consensus_score": 0.030851682441576406,
      "difference_score": 0.6591819142480401,
      "num_segments": 7,
      "best_parameters": {
        "direction_threshold": 0.16548740419363717,
        "validation_threshold": 0.3301985159480401,
        "similarity_min_segment_length": 5,
        "similarity_max_segment_length": 12
      },
      "total_evaluations": 30,
      "data_conversion_time": 5.361508846282959,
      "optimization_time": 5.340306997299194,
      "total_runtime": 10.701815843582153,
      "avg_keywords_per_paper": 21.384615384615383,
      "total_keywords": 10008,
      "optimization_successful": true
    },
    "comparison_summary": {
      "delta_final_score": 0.05354920760907922,
      "delta_consensus": -0.004333329721534211,
      "delta_difference": 0.05998060064581412,
      "delta_avg_keywords_per_paper": 9.999999999999998,
      "delta_runtime_seconds": 5.5222437381744385,
      "success_criteria_met": true,
      "evaluation_timestamp": "2025-06-24T19:09:16.840671"
    }
  },
  "computer_vision": {
    "phrase_enrichment_off": {
      "final_score": 0.5156110374148485,
      "consensus_score": 0.06410133819902633,
      "difference_score": 0.565778781772162,
      "num_segments": 4,
      "best_parameters": {
        "direction_threshold": 0.20740907320059865,
        "validation_threshold": 0.44131425668765545,
        "similarity_min_segment_length": 4,
        "similarity_max_segment_length": 17
      },
      "total_evaluations": 30,
      "data_conversion_time": 0.005096912384033203,
      "optimization_time": 6.128767967224121,
      "total_runtime": 6.133864879608154,
      "avg_keywords_per_paper": 14.732394366197184,
      "total_keywords": 3138,
      "optimization_successful": true
    },
    "phrase_enrichment_on": {
      "final_score": 0.581587514637152,
      "consensus_score": 0.052264322526229985,
      "difference_score": 0.6404012026494766,
      "num_segments": 4,
      "best_parameters": {
        "direction_threshold": 0.20740907320059865,
        "validation_threshold": 0.44131425668765545,
        "similarity_min_segment_length": 4,
        "similarity_max_segment_length": 17
      },
      "total_evaluations": 30,
      "data_conversion_time": 2.392820119857788,
      "optimization_time": 6.08153223991394,
      "total_runtime": 8.474352359771729,
      "avg_keywords_per_paper": 24.732394366197184,
      "total_keywords": 5268,
      "optimization_successful": true
    },
    "comparison_summary": {
      "delta_final_score": 0.06597647722230349,
      "delta_consensus": -0.011837015672796346,
      "delta_difference": 0.07462242087731463,
      "delta_avg_keywords_per_paper": 10.0,
      "delta_runtime_seconds": 2.340487480163574,
      "success_criteria_met": true,
      "evaluation_timestamp": "2025-06-24T19:09:31.455306"
    }
  },
  "deep_learning": {
    "phrase_enrichment_off": {
      "final_score": 0.5019584731661252,
      "consensus_score": 0.04409266516536856,
      "difference_score": 0.5528324518328759,
      "num_segments": 3,
      "best_parameters": {
        "direction_threshold": 0.13782328544754444,
        "validation_threshold": 0.38869306719069485,
        "similarity_min_segment_length": 3,
        "similarity_max_segment_length": 19
      },
      "total_evaluations": 30,
      "data_conversion_time": 0.011024236679077148,
      "optimization_time": 7.762753009796143,
      "total_runtime": 7.77377724647522,
      "avg_keywords_per_paper": 14.642058165548098,