{
  "applied_mathematics": {
    "phrase_enrichment_off": {
      "final_score": 0.6779243252205602,
      "consensus_score": 0.13717917887914963,
      "difference_score": 0.7380071192584947,
      "num_segments": 16,
      "best_parameters": {
        "direction_threshold": 0.3141708138660371,
        "validation_threshold": 0.41132747651621676,
        "similarity_min_segment_length": 3,
        "similarity_max_segment_length": 26
      },
      "total_evaluations": 20,
      "data_conversion_time": 0.011014223098754883,
      "optimization_time": 10.261494874954224,
      "total_runtime": 10.272509098052979,
      "avg_keywords_per_paper": 11.941935483870967,
      "total_keywords": 5553,
      "optimization_successful": true
    },
    "phrase_enrichment_on": {
      "final_score": 0.7147165104131686,
      "consensus_score": 0.13345699947227146,
      "difference_score": 0.7793009005177128,
      "num_segments": 16,
      "best_parameters": {
        "direction_threshold": 0.3141708138660371,
        "validation_threshold": 0.41132747651621676,
        "similarity_min_segment_length": 3,
        "similarity_max_segment_length": 26
      },
      "total_evaluations": 20,
      "data_conversion_time": 5.106756925582886,
      "optimization_time": 4.580963134765625,
      "total_runtime": 9.68772006034851,
      "avg_keywords_per_paper": 21.941935483870967,
      "total_keywords": 10203,
      "optimization_successful": true
    },
    "comparison_summary": {
      "delta_final_score": 0.036792185192608406,
      "delta_consensus": -0.003722179406878162,
      "delta_difference": 0.04129378125921812,
      "delta_avg_keywords_per_paper": 10.0,
      "delta_runtime_seconds": -0.5847890377044678,
      "success_criteria_met": true,
      "evaluation_timestamp": "2025-06-24T19:08:00.422375"
    }
  },
  "computer_vision": {
    "phrase_enrichment_off": {
      "final_score": 0.5156110374148485,
      "consensus_score": 0.06410133819902633,
      "difference_score": 0.565778781772162,
      "num_segments": 4,
      "best_parameters": {
        "direction_threshold": 0.10654653210706397,
        "validation_threshold": 0.4180398230341048,
        "similarity_min_segment_length": 4,
        "similarity_max_segment_length": 21
      },
      "total_evaluations": 20,
      "data_conversion_time": 0.004922151565551758,
      "optimization_time": 3.670281171798706,
      "total_runtime": 3.675203323364258,
      "avg_keywords_per_paper": 14.732394366197184,
      "total_keywords": 3138,
      "optimization_successful": true
    },
    "phrase_enrichment_on": {
      "final_score": 0.581587514637152,
      "consensus_score": 0.052264322526229985,
      "difference_score": 0.6404012026494766,
      "num_segments": 4,
      "best_parameters": {
        "direction_threshold": 0.10654653210706397,
        "validation_threshold": 0.4180398230341048,
        "similarity_min_segment_length": 4,
        "similarity_max_segment_length": 21
      },
      "total_evaluations": 20,
      "data_conversion_time": 2.5108327865600586,
      "optimization_time": 3.8349719047546387,
      "total_runtime": 6.345804691314697,
      "avg_keywords_per_paper": 24.732394366197184,
      "total_keywords": 5268,
      "optimization_successful": true
    },
    "comparison_summary": {
      "delta_final_score": 0.06597647722230349,
      "delta_consensus": -0.011837015672796346,
      "delta_difference": 0.07462242087731463,
      "delta_avg_keywords_per_paper": 10.0,
      "delta_runtime_seconds": 2.6706013679504395,
      "success_criteria_met": true,
      "evaluation_timestamp": "2025-06-24T19:08:10.450660"
    }
  },
  "pilot_summary": {
    "pilot_domains": [
      "applied_mathematics",
      "computer_vision"
    ],
    "successful_domains": [
      "applied_mathematics",
      "computer_vision"
    ],
    "success_rate": 1.0,
    "proceed_to_full_study": true,
    "evaluation_timestamp": "2025-06-24T19:08:10.450853"
  }
}