{
  "single_domain": {
    "phrase_enrichment_off": {
      "final_score": 0.6779243252205603,
      "consensus_score": 0.13717917887914963,
      "difference_score": 0.7380071192584948,
      "num_segments": 16,
      "best_parameters": {
        "direction_threshold": 0.16749458314692556,
        "validation_threshold": 0.3555728538129751,
        "similarity_min_segment_length": 4,
        "similarity_max_segment_length": 14
      },
      "total_evaluations": 20,
      "data_conversion_time": 0.012642621994018555,
      "optimization_time": 11.101042985916138,
      "total_runtime": 11.113685607910156,
      "avg_keywords_per_paper": 11.941935483870967,
      "total_keywords": 5553,
      "optimization_successful": true
    },
    "phrase_enrichment_on": {
      "final_score": 0.7147165104131686,
      "consensus_score": 0.13345699947227146,
      "difference_score": 0.7793009005177128,
      "num_segments": 16,
      "best_parameters": {
        "direction_threshold": 0.16749458314692556,
        "validation_threshold": 0.3555728538129751,
        "similarity_min_segment_length": 4,
        "similarity_max_segment_length": 14
      },
      "total_evaluations": 20,
      "data_conversion_time": 5.12434196472168,
      "optimization_time": 4.585054874420166,
      "total_runtime": 9.709396839141846,
      "avg_keywords_per_paper": 21.941935483870967,
      "total_keywords": 10203,
      "optimization_successful": true
    },
    "comparison_summary": {
      "delta_final_score": 0.036792185192608295,
      "delta_consensus": -0.003722179406878162,
      "delta_difference": 0.04129378125921801,
      "delta_avg_keywords_per_paper": 10.0,
      "delta_runtime_seconds": -1.4042887687683105,
      "success_criteria_met": true,
      "evaluation_timestamp": "2025-06-24T19:07:25.838888"
    }
  }
}