{
  "domain_name": "applied_mathematics",
  "analysis_date": "2025-06-25T17:57:21.947327",
  "time_range": [
    1833,
    2024
  ],
  "total_papers": 949,
  "statistical_significance": 0.7821567990664361,
  "change_points": [
    1860,
    1869,
    1870,
    1876,
    1883,
    1884,
    1886,
    1887,
    1891,
    1892,
    1898,
    1900,
    1901,
    1902,
    1903,
    1904,
    1905,
    1906,
    1908,
    1909,
    1912,
    1914,
    1916,
    1917,
    1918,
    1919,
    1921,
    1923,
    1927,
    1928,
    1929,
    1930,
    1931,
    1932,
    1934,
    1935,
    1937,
    1938,
    1939,
    1941,
    1942,
    1943,
    1944,
    1945,
    1947,
    1948,
    1949,
    1950,
    1951,
    1952,
    1953,
    1954,
    1955,
    1956,
    1957,
    1958,
    1959,
    1960,
    1961,
    1962,
    1963,
    1964,
    1965,
    1966,
    1967,
    1968,
    1970,
    1971,
    1972,
    1973,
    1974,
    1975,
    1976,
    1977,
    1978,
    1979,
    1980,
    1981,
    1982,
    1983,
    1984,
    1986,
    1987,
    1988,
    1989,
    1990,
    1991,
    1992,
    1993,
    1994,
    1995,
    1996,
    1997,
    1998,
    1999,
    2000,
    2001,
    2002,
    2003,
    2004,
    2005,
    2006,
    2007,
    2008,
    2009,
    2010,
    2011,
    2013,
    2014,
    2015,
    2016,
    2017,
    2018,
    2019,
    2020,
    2021,
    2022,
    2023,
    2024
  ],
  "segments": [
    [
      1833,
      1863
    ],
    [
      1864,
      1868
    ],
    [
      1869,
      1878
    ],
    [
      1879,
      1894
    ],
    [
      1895,
      1903
    ],
    [
      1904,
      1909
    ],
    [
      1910,
      1919
    ],
    [
      1920,
      1924
    ],
    [
      1925,
      1929
    ],
    [
      1930,
      1943
    ],
    [
      1944,
      1951
    ],
    [
      1952,
      1956
    ],
    [
      1957,
      1964
    ],
    [
      1965,
      1980
    ],
    [
      1981,
      1985
    ],
    [
      1986,
      2000
    ],
    [
      2001,
      2013
    ],
    [
      2014,
      2018
    ],
    [
      2019,
      2024
    ]
  ],
  "periods": [
    {
      "period": [
        1833,
        1863
      ],
      "topic_label": "Analytical Dynamics and Algebraic Formalism",
      "network_stability": 0.3296909094326533,
      "representative_papers": [
        {
          "title": "\u00dcber die Reduction der positiven quadratischen Formen mit drei unbestimmten ganzen Zahlen.",
          "year": 1850,
          "citations": 0
        },
        {
          "title": "X. Liquid diffusion applied to analysis",
          "year": 1861,
          "citations": 0
        },
        {
          "title": "XIV. Researches on the refraction, dispersion, and sensitiveness of liquids",
          "year": 1863,
          "citations": 0
        }
      ],
      "confidence": 0.6944256736913539
    },
    {
      "period": [
        1864,
        1868
      ],
      "topic_label": "Algebraic Formalism and Analytical Dynamics Integration",
      "network_stability": 0.3333333333333333,
      "representative_papers": [
        {
          "title": "LX. <i>Thoughts on inverse orthogonal matrices, simultaneous signsuccessions, and tessellated pavements in two or more colours, with applications to</i> Newton's <i>rule, ornamental tile-work, and the theory of numbers</i>",
          "year": 1867,
          "citations": 0
        },
        {
          "title": "XXX. <i>On the magnitude of a drop of liquid formed under different circumstances</i>",
          "year": 1864,
          "citations": 0
        },
        {
          "title": "LXIII. <i>On Integrals of the hydrodynamical equations, which express vortex-motion</i>",
          "year": 1867,
          "citations": 0
        }
      ],
      "confidence": 0.6745833333333333
    },
    {
      "period": [
        1869,
        1878
      ],
      "topic_label": "Algebraic Formalism and Analytical Dynamics Integration",
      "network_stability": 0.3333333333333333,
      "representative_papers": [
        {
          "title": "XXVIII. On the forms assumed by drops of liquids falling vertically on a horizontal plate",
          "year": 1877,
          "citations": 0
        },
        {
          "title": "XV. On the thermodynamic theory of waves of finite longitudinal disturbance",
          "year": 1870,
          "citations": 0
        },
        {
          "title": "I.\u2014<i>On Reciprocal Figures, Frames, and Diagrams of Forces</i>",
          "year": 1870,
          "citations": 0
        }
      ],
      "confidence": 0.6945833333333333
    },
    {
      "period": [
        1879,
        1894
      ],
      "topic_label": "Algebraic Formalism and Analytical Dynamics Integration",
      "network_stability": 0.3160541879082632,
      "representative_papers": [
        {
          "title": "Sur les \u00e9quations diff\u00e9rentielles lin\u00e9aires \u00e0 coefficients p\u00e9riodiques",
          "year": 1883,
          "citations": 0
        },
        {
          "title": "A treatise on the mathematical theory of elasticity",
          "year": 1892,
          "citations": 0
        },
        {
          "title": "ELEMENTS OF QUATERNIONS.",
          "year": 1881,
          "citations": 0
        }
      ],
      "confidence": 0.8209467057099349
    },
    {
      "period": [
        1895,
        1903
      ],
      "topic_label": "Algebraic Formalism and Analytical Dynamics Integration",
      "network_stability": 0.327047704770477,
      "representative_papers": [
        {
          "title": "Verfahren zur Darstellung der Graphits\u00e4ure",
          "year": 1898,
          "citations": 0
        },
        {
          "title": "Applications of Percolation Theory",
          "year": 1900,
          "citations": 0
        },
        {
          "title": "LIII. <i>On lines and planes of closest fit to systems of points in space</i>",
          "year": 1901,
          "citations": 0
        }
      ],
      "confidence": 0.6957202298064099
    },
    {
      "period": [
        1904,
        1909
      ],
      "topic_label": "Algebraic Formalism and Analytical Dynamics Integration",
      "network_stability": 0.3258160894102025,
      "representative_papers": [
        {
          "title": "Nouvelles applications des param\u00e8tres continus \u00e0 la th\u00e9orie des formes quadratiques. Deuxi\u00e8me m\u00e9moire. Recherches sur les parall\u00e9llo\u00e8dres primitifs.",
          "year": 1908,
          "citations": 0
        },
        {
          "title": "XVI. Functions of positive and negative type, and their connection the theory of integral equations",
          "year": 1909,
          "citations": 0
        },
        {
          "title": "Nouvelles applications des param\u00e8tres continus \u00e0 la th\u00e9orie des formes quadratiques. Premier m\u00e9moire. Sur quelques propri\u00e9t\u00e9s des formes quadratiques positives parfaites.",
          "year": 1908,
          "citations": 0
        }
      ],
      "confidence": 0.6970097800669051
    },
    {
      "period": [
        1910,
        1919
      ],
      "topic_label": "Algebraic Formalism and Analytical Dynamics Integration",
      "network_stability": 0.3333333333333333,
      "representative_papers": [
        {
          "title": "IX. The approximate arithmetical solution by finite differences of physical problems involving differential equations, with an application to the stresses in a masonry dam",
          "year": 1911,
          "citations": 0
        },
        {
          "title": "The algebraic theory of modular systems",
          "year": 1916,
          "citations": 0
        },
        {
          "title": "XVIII.\u2014On the Functions which are represented by the Expansions of the Interpolation-Theory",
          "year": 1915,
          "citations": 0
        }
      ],