{
  "metadata": {
    "validation_date": "2025-06-23T21:51:09.292464",
    "validation_time_seconds": 0.6935946941375732,
    "domains_evaluated": 8,
    "total_paradigm_shifts": 39
  },
  "overall_metrics": {
    "f1_score_2yr": 0.2190829610184449,
    "precision_2yr": 0.2542920847268674,
    "recall_2yr": 0.28205128205128205
  },
  "domain_results": {
    "computer_vision": {
      "domain_name": "computer_vision",
      "reference_shifts": [
        1975,
        1990,
        2005,
        2025
      ],
      "detected_shifts": [
        1971,
        1975,
        1976,
        1977,
        2000,
        2015
      ],
      "precision_2yr": 0.5,
      "recall_2yr": 0.25,
      "f1_score_2yr": 0.3333333333333333,
      "paradigm_count_detected": 6,
      "paradigm_count_reference": 4
    },
    "deep_learning": {
      "domain_name": "deep_learning",
      "reference_shifts": [
        1969,
        1995,
        2012,
        2017,
        2025
      ],
      "detected_shifts": [],
      "precision_2yr": 0.0,
      "recall_2yr": 0.0,
      "f1_score_2yr": 0.0,
      "paradigm_count_detected": 0,
      "paradigm_count_reference": 5
    },
    "machine_learning": {
      "domain_name": "machine_learning",
      "reference_shifts": [
        1960,
        1980,
        1995,
        2010,
        2025
      ],
      "detected_shifts": [
        1995,
        1997,
        1998,
        2000
      ],
      "precision_2yr": 0.5,
      "recall_2yr": 0.2,
      "f1_score_2yr": 0.28571428571428575,
      "paradigm_count_detected": 4,
      "paradigm_count_reference": 5
    },
    "computer_science": {
      "domain_name": "computer_science",
      "reference_shifts": [
        1948,
        1965,
        1975,
        1990,
        2010,
        2025
      ],
      "detected_shifts": [
        1992,
        1993,
        2015
      ],
      "precision_2yr": 0.3333333333333333,
      "recall_2yr": 0.16666666666666666,
      "f1_score_2yr": 0.2222222222222222,
      "paradigm_count_detected": 3,
      "paradigm_count_reference": 6
    },
    "applied_mathematics": {
      "domain_name": "applied_mathematics",
      "reference_shifts": [
        1900,
        1939,
        1945,
        1970,
        2000,
        2025
      ],
      "detected_shifts": [
        1860,
        1870,
        1876,
        1883,
        1901,
        1904,
        1905,
        1908,
        1909,
        1917,
        1918,
        1919,
        1923,
        1928,
        1929,
        1935,
        1941,
        1942,
        1943,
        1945,
        1947,
        1948,
        1957,
        1958,
        1959,
        1962,
        1978,
        1979,
        1980,
        1981,
        1982,
        1984,
        1986,
        1993,
        1994,
        1995,
        1996,
        1999,
        2001,
        2002,
        2003,
        2004,
        2005,
        2008,
        2023
      ],
      "precision_2yr": 0.2,
      "recall_2yr": 0.8333333333333334,
      "f1_score_2yr": 0.3225806451612903,
      "paradigm_count_detected": 45,
      "paradigm_count_reference": 6
    },
    "natural_language_processing": {
      "domain_name": "natural_language_processing",
      "reference_shifts": [
        1970,
        1990,
        2010,
        2025
      ],
      "detected_shifts": [
        1961,
        1962,
        1964,
        1975,
        1976,
        1978,
        1982,
        1988,
        1989,
        1997,
        1998,
        1999,
        2000,
        2001,
        2005,
        2008,
        2009,
        2010,
        2011,
        2012,
        2013,
        2014,
        2015
      ],
      "precision_2yr": 0.30434782608695654,
      "recall_2yr": 0.5,
      "f1_score_2yr": 0.3783783783783784,
      "paradigm_count_detected": 23,
      "paradigm_count_reference": 4
    },
    "machine_translation": {
      "domain_name": "machine_translation",
      "reference_shifts": [
        1966,
        1988,
        2014,
        2025
      ],
      "detected_shifts": [
        1990,
        1998,
        1999,
        2021
      ],
      "precision_2yr": 0.25,
      "recall_2yr": 0.25,
      "f1_score_2yr": 0.25,
      "paradigm_count_detected": 4,
      "paradigm_count_reference": 4
    },
    "art": {
      "domain_name": "art",
      "reference_shifts": [
        1600,
        1750,
        1886,
        1945,
        2025
      ],
      "detected_shifts": [
        1988,
        1989,
        1992,
        1993,
        1998,
        2000,
        2001,
        2012,
        2013,
        2017
      ],
      "precision_2yr": 0.0,
      "recall_2yr": 0.0,
      "f1_score_2yr": 0.0,
      "paradigm_count_detected": 10,
      "paradigm_count_reference": 5
    }
  }
}