{
  "results": {
    "applied_mathematics": {
      "ratio_0.01": {
        "final_score": 0.6365151754569061,
        "consensus_score": 0.13413438641191067,
        "difference_score": 0.6923352631285722,
        "num_segments": 12
      },
      "ratio_0.10": {
        "final_score": 0.6569086853611399,
        "consensus_score": 0.12813381435388693,
        "difference_score": 0.7156614488063902,
        "num_segments": 14
      },
      "ratio_0.25": {
        "final_score": 0.667528273013278,
        "consensus_score": 0.1460085270345865,
        "difference_score": 0.7254749114553548,
        "num_segments": 13
      }
    },
    "computer_vision": {
      "ratio_0.01": {
        "final_score": 0.47431690055904535,
        "consensus_score": 0.07631656643731274,
        "difference_score": 0.5185391599059045,
        "num_segments": 4
      },
      "ratio_0.10": {
        "final_score": 0.4955566408880283,
        "consensus_score": 0.0802639387584273,
        "difference_score": 0.541700274457984,
        "num_segments": 5
      },
      "ratio_0.25": {
        "final_score": 0.4766277927903235,
        "consensus_score": 0.06318712853253491,
        "difference_score": 0.5225656443745222,
        "num_segments": 2
      }
    }
  },
  "generated": "20250623_225812"
}