{
  "optimized_parameters": {
    "machine_learning": {
      "parameters": {
        "direction_threshold": 0.3501733927046875,
        "validation_threshold": 0.3308662789970405,
        "similarity_min_segment_length": 5,
        "similarity_max_segment_length": 16
      },
      "score": 0.7466127195543277,
      "consensus_score": 0.03925398855889548,
      "difference_score": 0.5609181774094494,
      "num_segments": 3
    },
    "art": {
      "parameters": {
        "direction_threshold": 0.36934812653284455,
        "validation_threshold": 0.40303919917008496,
        "similarity_min_segment_length": 3,
        "similarity_max_segment_length": 29
      },
      "score": 0.07303774125857304,
      "consensus_score": 0.029215096503429218,
      "difference_score": 0.6044895168632292,
      "num_segments": 4
    },
    "computer_science": {
      "parameters": {
        "direction_threshold": 0.2713143496136583,
        "validation_threshold": 0.429916169079674,
        "similarity_min_segment_length": 3,
        "similarity_max_segment_length": 22
      },
      "score": 0.46953669252001157,
      "consensus_score": 0.03633734841712702,
      "difference_score": 0.609961434554744,
      "num_segments": 6
    },
    "deep_learning": {
      "parameters": {
        "direction_threshold": 0.3740052736595496,
        "validation_threshold": 0.35152819573874383,
        "similarity_min_segment_length": 4,
        "similarity_max_segment_length": 13
      },
      "score": 0.8291908665607347,
      "consensus_score": 0.05012267426413364,
      "difference_score": 0.5390807682810534,
      "num_segments": 3
    },
    "machine_translation": {
      "parameters": {
        "direction_threshold": 0.1,
        "validation_threshold": 0.33642864535344397,
        "similarity_min_segment_length": 4,
        "similarity_max_segment_length": 30
      },
      "score": 0.7343825888184903,
      "consensus_score": 0.044756261415876276,
      "difference_score": 0.532658505275219,
      "num_segments": 6
    },
    "natural_language_processing": {
      "parameters": {
        "direction_threshold": 0.4,
        "validation_threshold": 0.3,
        "similarity_min_segment_length": 3,
        "similarity_max_segment_length": 30
      },
      "score": 0.7554440821888693,
      "consensus_score": 0.04524097085060837,
      "difference_score": 0.5898419520944623,
      "num_segments": 7
    },
    "computer_vision": {
      "parameters": {
        "direction_threshold": 0.3956984633670386,
        "validation_threshold": 0.31915720220746024,
        "similarity_min_segment_length": 5,
        "similarity_max_segment_length": 30
      },
      "score": 0.6719778379617833,
      "consensus_score": 0.04504638866007994,
      "difference_score": 0.4965295676262801,
      "num_segments": 8
    },
    "applied_mathematics": {
      "parameters": {
        "direction_threshold": 0.392443513941202,
        "validation_threshold": 0.45,
        "similarity_min_segment_length": 5,
        "similarity_max_segment_length": 16
      },
      "score": 0.667967257617593,
      "consensus_score": 0.038207368420096824,
      "difference_score": 0.6196586941374569,
      "num_segments": 19
    }
  },
  "timestamp": "2025-06-25 22:25:56"
}